{
  "step_qonnx_to_finn": 4.00543212890625e-05,
  "step_tidy_up": 0.04817509651184082,
  "step_streamline": 0.8287112712860107,
  "step_convert_to_hls": 0.014580726623535156,
  "step_create_dataflow_partition": 0.002389192581176758,
  "step_target_fps_parallelization": 0.006600379943847656,
  "step_apply_folding_config": 2.6226043701171875e-06,
  "step_generate_estimate_reports": 0.009165048599243164
}